<?xml version="1.0"?>
<manifest   identifier="com.scorm.manifesttemplates.scorm2004.4thEd.nometadata"
            version="1"
            xmlns="http://www.imsglobal.org/xsd/imscp_v1p1"
            xmlns:adlcp="http://www.adlnet.org/xsd/adlcp_v1p3"
            xmlns:adlseq="http://www.adlnet.org/xsd/adlseq_v1p3"
            xmlns:adlnav="http://www.adlnet.org/xsd/adlnav_v1p3"
            xmlns:imsss="http://www.imsglobal.org/xsd/imsss"
            xmlns:xsi="http://www.w3.org/2001/XMLSchema-instance"
            xsi:schemaLocation="http://www.imsglobal.org/xsd/imscp_v1p1 imscp_v1p1.xsd http://www.adlnet.org/xsd/adlcp_v1p3 adlcp_v1p3.xsd http://www.adlnet.org/xsd/adlseq_v1p3 adlseq_v1p3.xsd http://www.adlnet.org/xsd/adlnav_v1p3 adlnav_v1p3.xsd http://www.imsglobal.org/xsd/imsss imsss_v1p0.xsd">

	<metadata>
		<schema>ADL SCORM</schema>
		<schemaversion>2004 4th Edition</schemaversion>
	</metadata>

  <organizations default="ihasco">
    <organization identifier="ihasco" adlseq:objectivesGlobalToSystem="false">
    <title>iHasco Manual Handling</title>
      <item identifier="CourseItem01" identifierref="Client_662430_Prog_471" isvisible="true">
        <title>iHasco Manual Handling</title>
      </item>
    </organization>
  </organizations>

  <resources>
    <resource identifier="Client_662430_Prog_471" type="webcontent" adlcp:scormType="sco" href="scorm2004.html">
      <file href="scorm2004.html"/>
      <file href="proxy.html"/>
      <file href="SCORM_API_wrapper.js"/>
      <file href="proxy.js"/>
    </resource>
  </resources>

</manifest>